{
  "c1": 0.7534107723168835,
  "c2": 0.9424708769777006,
  "c3": 0.3894464160122795,
  "c4": 0.017940352847201968,
  "c5": 0.1434682922537902,
  "c6": 0.5669930805662404,
  "c7": 0.6664753104602794,
  "c8": 0.7995597082621746,
  "c9": 0.2575723117945521,
  "c10": 0.10744685999513726
}
